threshold,alerts,precision,recall,f1
0.05,9689,0.01599752296418619,0.9935897435897436,0.03148806500761808
0.1,5584,0.026325214899713466,0.9423076923076923,0.05121951219512195
0.15,4516,0.031443755535872454,0.9102564102564102,0.06078767123287671
0.2,3070,0.04429967426710098,0.8717948717948718,0.08431494110353378
0.25,2684,0.04955290611028316,0.8525641025641025,0.09366197183098592
0.3,2314,0.056179775280898875,0.8333333333333334,0.10526315789473684
0.35,2151,0.0599721059972106,0.8269230769230769,0.11183355006501951
0.4,1968,0.06554878048780488,0.8269230769230769,0.12146892655367232
0.45,1452,0.08539944903581267,0.7948717948717948,0.15422885572139303
0.5,1324,0.09214501510574018,0.782051282051282,0.16486486486486487
0.55,1095,0.11141552511415526,0.782051282051282,0.1950439648281375
0.6,875,0.13714285714285715,0.7692307692307693,0.23278370514064015
0.65,765,0.1542483660130719,0.7564102564102564,0.256243213897937
0.7,605,0.1834710743801653,0.7115384615384616,0.29172141918528255
0.75,393,0.27989821882951654,0.7051282051282052,0.4007285974499089
0.8,262,0.3969465648854962,0.6666666666666666,0.49760765550239233
0.85,205,0.4878048780487805,0.6410256410256411,0.554016620498615
0.9,123,0.7317073170731707,0.5769230769230769,0.6451612903225806
0.95,95,0.7789473684210526,0.47435897435897434,0.5896414342629482
