scenario_id,instance,expected_outcome
S1_0000,0,OVERRIDE
S1_0001,1,OVERRIDE
S1_0002,2,OVERRIDE
S1_0003,3,OVERRIDE
S1_0004,4,OVERRIDE
S1_0005,5,OVERRIDE
S1_0006,6,OVERRIDE
S1_0007,7,OVERRIDE
S1_0008,8,OVERRIDE
S1_0009,9,OVERRIDE
S1_0010,10,OVERRIDE
S1_0011,11,OVERRIDE
S1_0012,12,OVERRIDE
S1_0013,13,OVERRIDE
S1_0014,14,OVERRIDE
S1_0015,15,OVERRIDE
S1_0016,16,OVERRIDE
S1_0017,17,OVERRIDE
S1_0018,18,OVERRIDE
S1_0019,19,OVERRIDE
S1_0020,20,OVERRIDE
S1_0021,21,OVERRIDE
S1_0022,22,OVERRIDE
S1_0023,23,OVERRIDE
S1_0024,24,OVERRIDE
S2_0000,0,ESCALATE
S2_0001,1,ESCALATE
S2_0002,2,ESCALATE
S2_0003,3,ESCALATE
S2_0004,4,ESCALATE
S2_0005,5,ESCALATE
S2_0006,6,ESCALATE
S2_0007,7,ESCALATE
S2_0008,8,ESCALATE
S2_0009,9,ESCALATE
S2_0010,10,ESCALATE
S2_0011,11,ESCALATE
S2_0012,12,ESCALATE
S2_0013,13,ESCALATE
S2_0014,14,ESCALATE
S2_0015,15,ESCALATE
S2_0016,16,ESCALATE
S2_0017,17,ESCALATE
S2_0018,18,ESCALATE
S2_0019,19,ESCALATE
S2_0020,20,ESCALATE
S2_0021,21,ESCALATE
S2_0022,22,ESCALATE
S2_0023,23,ESCALATE
S2_0024,24,ESCALATE
S3_0000,0,DENY
S3_0001,1,DENY
S3_0002,2,DENY
S3_0003,3,DENY
S3_0004,4,DENY
S3_0005,5,DENY
S3_0006,6,DENY
S3_0007,7,DENY
S3_0008,8,DENY
S3_0009,9,DENY
S3_0010,10,DENY
S3_0011,11,DENY
S3_0012,12,DENY
S3_0013,13,DENY
S3_0014,14,DENY
S3_0015,15,DENY
S3_0016,16,DENY
S3_0017,17,DENY
S3_0018,18,DENY
S3_0019,19,DENY
S3_0020,20,DENY
S3_0021,21,DENY
S3_0022,22,DENY
S3_0023,23,DENY
S3_0024,24,DENY
S4_0000,0,DENY
S4_0001,1,DENY
S4_0002,2,DENY
S4_0003,3,DENY
S4_0004,4,DENY
S4_0005,5,DENY
S4_0006,6,DENY
S4_0007,7,DENY
S4_0008,8,DENY
S4_0009,9,DENY
S4_0010,10,DENY
S4_0011,11,DENY
S4_0012,12,DENY
S4_0013,13,DENY
S4_0014,14,DENY
S4_0015,15,DENY
S4_0016,16,DENY
S4_0017,17,DENY
S4_0018,18,DENY
S4_0019,19,DENY
S4_0020,20,DENY
S4_0021,21,DENY
S4_0022,22,DENY
S4_0023,23,DENY
S4_0024,24,DENY
S5_0000,0,DENY
S5_0001,1,DENY
S5_0002,2,DENY
S5_0003,3,DENY
S5_0004,4,DENY
S5_0005,5,DENY
S5_0006,6,DENY
S5_0007,7,DENY
S5_0008,8,DENY
S5_0009,9,DENY
S5_0010,10,DENY
S5_0011,11,DENY
S5_0012,12,DENY
S5_0013,13,DENY
S5_0014,14,DENY
S5_0015,15,DENY
S5_0016,16,DENY
S5_0017,17,DENY
S5_0018,18,DENY
S5_0019,19,DENY
S5_0020,20,DENY
S5_0021,21,DENY
S5_0022,22,DENY
S5_0023,23,DENY
S5_0024,24,DENY
S6_0000,0,NORMAL_PIPELINE
S6_0001,1,NORMAL_PIPELINE
S6_0002,2,NORMAL_PIPELINE
S6_0003,3,NORMAL_PIPELINE
S6_0004,4,NORMAL_PIPELINE
S6_0005,5,NORMAL_PIPELINE
S6_0006,6,NORMAL_PIPELINE
S6_0007,7,NORMAL_PIPELINE
S6_0008,8,NORMAL_PIPELINE
S6_0009,9,NORMAL_PIPELINE
S6_0010,10,NORMAL_PIPELINE
S6_0011,11,NORMAL_PIPELINE
S6_0012,12,NORMAL_PIPELINE
S6_0013,13,NORMAL_PIPELINE
S6_0014,14,NORMAL_PIPELINE
S6_0015,15,NORMAL_PIPELINE
S6_0016,16,NORMAL_PIPELINE
S6_0017,17,NORMAL_PIPELINE
S6_0018,18,NORMAL_PIPELINE
S6_0019,19,NORMAL_PIPELINE
S6_0020,20,NORMAL_PIPELINE
S6_0021,21,NORMAL_PIPELINE
S6_0022,22,NORMAL_PIPELINE
S6_0023,23,NORMAL_PIPELINE
S6_0024,24,NORMAL_PIPELINE
