date,energy_cost,maintenance_cost,water_cost,vendor_cost,labor_cost,other_cost,budget
2026-01-01,18500,9200,3100,12500,14800,4200,70000
2026-02-01,19200,8800,2950,13100,15000,3900,70000
2026-03-01,21000,10500,3300,14200,15200,4500,72000
2026-04-01,22500,11800,3500,15500,15800,4700,73000
2026-05-01,23800,12500,3700,16200,16000,4900,74000
2026-06-01,25100,13200,3900,17000,16500,5100,75000
2026-07-01,26500,14100,4100,17800,17000,5300,76000
2026-08-01,27800,14900,4300,18500,17400,5500,77000
2026-09-01,28900,15600,4500,19200,17800,5700,78000
2026-10-01,30100,16200,4700,19800,18100,5900,79000
2026-11-01,31500,17100,4900,20500,18500,6100,80000
2026-12-01,32800,18000,5200,21400,19000,6400,82000